instance,seed,batch_size,cooling,epsilon,accept_percentage,initial_temperature,cost,feasible
input-40.tsp,1,2000,0.95,0.0001,0.9,343960.000000000,0.311368831,1
input-40.tsp,2,2000,0.95,0.0001,0.9,351360.000000000,0.291105640,1
input-40.tsp,3,2000,0.95,0.0001,0.9,370688.000488281,0.308742386,1
input-40.tsp,4,2000,0.95,0.0001,0.9,353327.135253906,0.294825226,1
input-40.tsp,5,2000,0.95,0.0001,0.9,352063.015625000,0.272239303,1
input-40.tsp,6,2000,0.95,0.0001,0.9,348160.000000000,0.280056715,1
input-40.tsp,7,2000,0.95,0.0001,0.9,360448.000000000,0.287602436,1
input-40.tsp,8,2000,0.95,0.0001,0.9,361472.078613281,0.298699699,1
input-40.tsp,9,2000,0.95,0.0001,0.9,351389.000000000,0.297014354,1
input-40.tsp,10,2000,0.95,0.0001,0.9,352418.017089844,0.278133047,1
input-40.tsp,11,2000,0.95,0.0001,0.9,347648.000000000,0.296824017,1
input-40.tsp,12,2000,0.95,0.0001,0.9,350624.000000000,0.288870355,1
input-40.tsp,13,2000,0.95,0.0001,0.9,340864.000000000,0.284995541,1
input-40.tsp,14,2000,0.95,0.0001,0.9,349969.437988281,0.295733998,1
input-40.tsp,15,2000,0.95,0.0001,0.9,360448.000000000,0.310662163,1
input-40.tsp,16,2000,0.95,0.0001,0.9,360576.031738281,0.281357670,1
input-40.tsp,17,2000,0.95,0.0001,0.9,341407.857910156,0.276281061,1
input-40.tsp,18,2000,0.95,0.0001,0.9,354692.171875000,0.283893636,1
input-40.tsp,19,2000,0.95,0.0001,0.9,339711.999511719,0.295925512,1
input-40.tsp,20,2000,0.95,0.0001,0.9,361472.000000000,0.293529107,1
input-40.tsp,21,2000,0.95,0.0001,0.9,347460.750000000,0.295687770,1
input-40.tsp,22,2000,0.95,0.0001,0.9,352294.689453125,0.308452435,1
input-40.tsp,23,2000,0.95,0.0001,0.9,343133.971191406,0.298934495,1
input-40.tsp,24,2000,0.95,0.0001,0.9,338176.000000000,0.297803237,1
input-40.tsp,25,2000,0.95,0.0001,0.9,343960.000000000,0.268294940,1
input-40.tsp,26,2000,0.95,0.0001,0.9,352932.391113281,0.302434843,1
input-40.tsp,27,2000,0.95,0.0001,0.9,347967.140625000,0.311526168,1
input-40.tsp,28,2000,0.95,0.0001,0.9,358400.752441406,0.281783729,1
input-40.tsp,29,2000,0.95,0.0001,0.9,352792.258300781,0.325002671,1
input-40.tsp,30,2000,0.95,0.0001,0.9,370688.000488281,0.293573033,1
input-40.tsp,31,2000,0.95,0.0001,0.9,352768.000000000,0.303899533,1
input-40.tsp,32,2000,0.95,0.0001,0.9,344064.000000000,0.286694062,1
input-40.tsp,33,2000,0.95,0.0001,0.9,341996.000000000,0.271301024,1
input-40.tsp,34,2000,0.95,0.0001,0.9,348160.000000000,0.269978292,1
input-40.tsp,35,2000,0.95,0.0001,0.9,327679.874511719,0.289698686,1
input-40.tsp,36,2000,0.95,0.0001,0.9,340891.375000000,0.272096709,1
input-40.tsp,37,2000,0.95,0.0001,0.9,360512.000000000,0.306068983,1
input-40.tsp,38,2000,0.95,0.0001,0.9,343916.000000000,0.292060447,1
input-40.tsp,39,2000,0.95,0.0001,0.9,352256.000000000,0.322477366,1
input-40.tsp,40,2000,0.95,0.0001,0.9,350208.000000000,0.288770993,1
input-40.tsp,41,2000,0.95,0.0001,0.9,352256.000000000,0.292889054,1
input-40.tsp,42,2000,0.95,0.0001,0.9,339968.000000000,0.302007081,1
input-40.tsp,43,2000,0.95,0.0001,0.9,360704.000000000,0.301099171,1
input-40.tsp,44,2000,0.95,0.0001,0.9,364551.252441406,0.276941240,1
input-40.tsp,45,2000,0.95,0.0001,0.9,361345.062500000,0.275656701,1
input-40.tsp,46,2000,0.95,0.0001,0.9,352256.000000000,0.300773024,1
input-40.tsp,47,2000,0.95,0.0001,0.9,352256.000000000,0.299311191,1
input-40.tsp,48,2000,0.95,0.0001,0.9,350345.135253906,0.297745402,1
input-40.tsp,49,2000,0.95,0.0001,0.9,327680.000000000,0.307128544,1
input-40.tsp,50,2000,0.95,0.0001,0.9,360448.000000000,0.277458951,1
input-40.tsp,51,2000,0.95,0.0001,0.9,335616.000000000,0.300741980,1
input-40.tsp,52,2000,0.95,0.0001,0.9,348160.000000000,0.299587687,1
input-40.tsp,53,2000,0.95,0.0001,0.9,345620.562011719,0.302530974,1
input-40.tsp,54,2000,0.95,0.0001,0.9,350322.125000000,0.307391387,1
input-40.tsp,55,2000,0.95,0.0001,0.9,360449.000000000,0.284640511,1
input-40.tsp,56,2000,0.95,0.0001,0.9,339935.464355469,0.298857330,1
input-40.tsp,57,2000,0.95,0.0001,0.9,342068.562011719,0.280124299,1
input-40.tsp,58,2000,0.95,0.0001,0.9,360480.127441406,0.312662027,1
input-40.tsp,59,2000,0.95,0.0001,0.9,327679.999511719,0.290555139,1
input-40.tsp,60,2000,0.95,0.0001,0.9,342009.687011719,0.281483449,1
input-40.tsp,61,2000,0.95,0.0001,0.9,344064.000000000,0.270138437,1
input-40.tsp,62,2000,0.95,0.0001,0.9,341848.000000000,0.300923867,1
input-40.tsp,63,2000,0.95,0.0001,0.9,343036.000000000,0.282569579,1
input-40.tsp,64,2000,0.95,0.0001,0.9,344064.000000000,0.305789443,1
input-40.tsp,65,2000,0.95,0.0001,0.9,350848.000000000,0.288953744,1
input-40.tsp,66,2000,0.95,0.0001,0.9,360448.000000000,0.306872119,1
input-40.tsp,67,2000,0.95,0.0001,0.9,344064.000000000,0.268910370,1
input-40.tsp,68,2000,0.95,0.0001,0.9,350482.250000000,0.295329481,1
input-40.tsp,69,2000,0.95,0.0001,0.9,348820.500000000,0.292786272,1
input-40.tsp,70,2000,0.95,0.0001,0.9,335840.000000000,0.276884456,1
input-40.tsp,71,2000,0.95,0.0001,0.9,343980.000000000,0.293536950,1
input-40.tsp,72,2000,0.95,0.0001,0.9,339904.000000000,0.269142160,1
input-40.tsp,73,2000,0.95,0.0001,0.9,344064.000000000,0.276609671,1
input-40.tsp,74,2000,0.95,0.0001,0.9,354304.000000000,0.317045720,1
input-40.tsp,75,2000,0.95,0.0001,0.9,352064.000000000,0.301443118,1
input-40.tsp,76,2000,0.95,0.0001,0.9,349489.000976562,0.281814342,1
input-40.tsp,77,2000,0.95,0.0001,0.9,339968.000000000,0.300103535,1
input-40.tsp,78,2000,0.95,0.0001,0.9,364544.000488281,0.302229240,1
input-40.tsp,79,2000,0.95,0.0001,0.9,344064.000000000,0.288513230,1
input-40.tsp,80,2000,0.95,0.0001,0.9,352928.000000000,0.303821684,1
input-40.tsp,81,2000,0.95,0.0001,0.9,350256.000000000,0.300436803,1
input-40.tsp,82,2000,0.95,0.0001,0.9,348808.000000000,0.270913055,1
input-40.tsp,83,2000,0.95,0.0001,0.9,350208.000000000,0.274314340,1
input-40.tsp,84,2000,0.95,0.0001,0.9,346496.000000000,0.297541057,1
input-40.tsp,85,2000,0.95,0.0001,0.9,349696.000000000,0.307421350,1
input-40.tsp,86,2000,0.95,0.0001,0.9,327680.000000000,0.272339788,1
input-40.tsp,87,2000,0.95,0.0001,0.9,347136.000000000,0.297597164,1
input-40.tsp,88,2000,0.95,0.0001,0.9,325631.999511719,0.309884976,1
input-40.tsp,89,2000,0.95,0.0001,0.9,351235.000000000,0.302505154,1
input-40.tsp,90,2000,0.95,0.0001,0.9,341656.000000000,0.294846055,1
input-40.tsp,91,2000,0.95,0.0001,0.9,342475.729003906,0.302257880,1
input-40.tsp,92,2000,0.95,0.0001,0.9,343983.375000000,0.302903780,1
input-40.tsp,93,2000,0.95,0.0001,0.9,343530.467285156,0.271573565,1
input-40.tsp,94,2000,0.95,0.0001,0.9,368640.000000000,0.286104609,1
input-40.tsp,95,2000,0.95,0.0001,0.9,343501.981933594,0.306114146,1
input-40.tsp,96,2000,0.95,0.0001,0.9,343935.087402344,0.287931928,1
input-40.tsp,97,2000,0.95,0.0001,0.9,335354.968261719,0.302515345,1
input-40.tsp,98,2000,0.95,0.0001,0.9,342014.976074219,0.271281357,1
input-40.tsp,99,2000,0.95,0.0001,0.9,344821.875000000,0.279193470,1
input-40.tsp,100,2000,0.95,0.0001,0.9,340984.619628906,0.298191527,1
input-40.tsp,101,2000,0.95,0.0001,0.9,343709.405761719,0.281357670,1
input-40.tsp,102,2000,0.95,0.0001,0.9,354821.007324219,0.295039842,1
input-40.tsp,103,2000,0.95,0.0001,0.9,344064.000000000,0.273679544,1
input-40.tsp,104,2000,0.95,0.0001,0.9,354400.000000000,0.271507354,1
input-40.tsp,105,2000,0.95,0.0001,0.9,342623.957031250,0.286290260,1
input-40.tsp,106,2000,0.95,0.0001,0.9,350409.000000000,0.300217104,1
input-40.tsp,107,2000,0.95,0.0001,0.9,353292.455566406,0.280387609,1
input-40.tsp,108,2000,0.95,0.0001,0.9,350233.592773438,0.323031404,1
input-40.tsp,109,2000,0.95,0.0001,0.9,337856.000000000,0.300502010,1
input-40.tsp,110,2000,0.95,0.0001,0.9,343040.000000000,0.277590102,1
input-40.tsp,111,2000,0.95,0.0001,0.9,360512.004394531,0.266997556,1
input-40.tsp,112,2000,0.95,0.0001,0.9,345499.302246094,0.277590102,1
input-40.tsp,113,2000,0.95,0.0001,0.9,347164.000000000,0.310525142,1
input-40.tsp,114,2000,0.95,0.0001,0.9,347416.496582031,0.292867038,1
input-40.tsp,115,2000,0.95,0.0001,0.9,350372.867187500,0.294001543,1
input-40.tsp,116,2000,0.95,0.0001,0.9,342848.000000000,0.292878921,1
input-40.tsp,117,2000,0.95,0.0001,0.9,345365.984863281,0.275858596,1
input-40.tsp,118,2000,0.95,0.0001,0.9,347050.312011719,0.295867764,1
input-40.tsp,119,2000,0.95,0.0001,0.9,342525.475097656,0.299197046,1
input-40.tsp,120,2000,0.95,0.0001,0.9,360448.000000000,0.284080549,1
input-40.tsp,121,2000,0.95,0.0001,0.9,343040.000000000,0.286778468,1
input-40.tsp,122,2000,0.95,0.0001,0.9,360448.000000000,0.308011064,1
input-40.tsp,123,2000,0.95,0.0001,0.9,346000.000000000,0.285123999,1
input-40.tsp,124,2000,0.95,0.0001,0.9,344064.000000000,0.298289603,1
input-40.tsp,125,2000,0.95,0.0001,0.9,352640.064453125,0.300005886,1
input-40.tsp,126,2000,0.95,0.0001,0.9,342462.983886719,0.285653135,1
input-40.tsp,127,2000,0.95,0.0001,0.9,345088.000000000,0.277746708,1
input-40.tsp,128,2000,0.95,0.0001,0.9,339904.000000000,0.290361290,1
input-40.tsp,129,2000,0.95,0.0001,0.9,343495.250000000,0.272986220,1
input-40.tsp,130,2000,0.95,0.0001,0.9,346755.647949219,0.301416162,1
input-40.tsp,131,2000,0.95,0.0001,0.9,353350.000000000,0.301029880,1
input-40.tsp,132,2000,0.95,0.0001,0.9,350432.265625000,0.321966430,1
input-40.tsp,133,2000,0.95,0.0001,0.9,327680.000000000,0.302138949,1
input-40.tsp,134,2000,0.95,0.0001,0.9,353280.000000000,0.271980668,1
input-40.tsp,135,2000,0.95,0.0001,0.9,368640.000000000,0.273307032,1
input-40.tsp,136,2000,0.95,0.0001,0.9,327679.968261719,0.294225372,1
input-40.tsp,137,2000,0.95,0.0001,0.9,350688.000000000,0.297415206,1
input-40.tsp,138,2000,0.95,0.0001,0.9,360464.000000000,0.269268256,1
input-40.tsp,139,2000,0.95,0.0001,0.9,360832.000000000,0.286770796,1
input-40.tsp,140,2000,0.95,0.0001,0.9,339966.248535156,0.290463853,1
input-40.tsp,141,2000,0.95,0.0001,0.9,360462.281738281,0.304219316,1
input-40.tsp,142,2000,0.95,0.0001,0.9,344030.995605469,0.280102106,1
input-40.tsp,143,2000,0.95,0.0001,0.9,343552.000000000,0.273603950,1
input-40.tsp,144,2000,0.95,0.0001,0.9,337920.000000000,0.305665259,1
input-40.tsp,145,2000,0.95,0.0001,0.9,360448.000000000,0.266678917,1
input-40.tsp,146,2000,0.95,0.0001,0.9,356881.000000000,0.277220366,1
input-40.tsp,147,2000,0.95,0.0001,0.9,349640.464355469,0.284008320,1
input-40.tsp,148,2000,0.95,0.0001,0.9,342016.000000000,0.310837492,1
input-40.tsp,149,2000,0.95,0.0001,0.9,348160.000000000,0.279781720,1
input-40.tsp,150,2000,0.95,0.0001,0.9,341632.000000000,0.300568324,1
input-40.tsp,151,2000,0.95,0.0001,0.9,350193.001464844,0.294369525,1
input-40.tsp,152,2000,0.95,0.0001,0.9,341719.748535156,0.312824485,1
input-40.tsp,153,2000,0.95,0.0001,0.9,350489.062500000,0.289704858,1
input-40.tsp,154,2000,0.95,0.0001,0.9,339968.000000000,0.276149713,1
input-40.tsp,155,2000,0.95,0.0001,0.9,335872.000000000,0.300021306,1
input-40.tsp,156,2000,0.95,0.0001,0.9,350208.000000000,0.269181990,1
input-40.tsp,157,2000,0.95,0.0001,0.9,348752.835937500,0.272283457,1
input-40.tsp,158,2000,0.95,0.0001,0.9,345575.125000000,0.287723336,1
input-40.tsp,159,2000,0.95,0.0001,0.9,349316.929687500,0.290881302,1
input-40.tsp,160,2000,0.95,0.0001,0.9,327679.999511719,0.280027036,1
input-40.tsp,161,2000,0.95,0.0001,0.9,346368.000000000,0.295117638,1
input-40.tsp,162,2000,0.95,0.0001,0.9,327679.874511719,0.275439990,1
input-40.tsp,163,2000,0.95,0.0001,0.9,347568.000000000,0.292577837,1
input-40.tsp,164,2000,0.95,0.0001,0.9,343261.843750000,0.314635163,1
input-40.tsp,165,2000,0.95,0.0001,0.9,341976.000000000,0.296401914,1
input-40.tsp,166,2000,0.95,0.0001,0.9,344064.000000000,0.304385101,1
input-40.tsp,167,2000,0.95,0.0001,0.9,350208.000000000,0.296649450,1
input-40.tsp,168,2000,0.95,0.0001,0.9,348160.000000000,0.303937517,1
input-40.tsp,169,2000,0.95,0.0001,0.9,356352.000000000,0.268206449,1
input-40.tsp,170,2000,0.95,0.0001,0.9,343009.304199219,0.277112128,1
input-40.tsp,171,2000,0.95,0.0001,0.9,354304.000000000,0.277707794,1
input-40.tsp,172,2000,0.95,0.0001,0.9,351237.757324219,0.293809474,1
input-40.tsp,173,2000,0.95,0.0001,0.9,343511.000000000,0.296067077,1
input-40.tsp,174,2000,0.95,0.0001,0.9,352298.008300781,0.278308830,1
input-40.tsp,175,2000,0.95,0.0001,0.9,356864.533691406,0.313907761,1
input-40.tsp,176,2000,0.95,0.0001,0.9,327680.000000000,0.296764676,1
input-40.tsp,177,2000,0.95,0.0001,0.9,339569.490722656,0.284398214,1
input-40.tsp,178,2000,0.95,0.0001,0.9,346758.500000000,0.271554625,1
input-40.tsp,179,2000,0.95,0.0001,0.9,327648.000000000,0.306443228,1
input-40.tsp,180,2000,0.95,0.0001,0.9,342560.000000000,0.268900263,1
input-40.tsp,181,2000,0.95,0.0001,0.9,343040.000000000,0.312983794,1
input-40.tsp,182,2000,0.95,0.0001,0.9,346112.000000000,0.277574985,1
input-40.tsp,183,2000,0.95,0.0001,0.9,344680.000000000,0.276410709,1
input-40.tsp,184,2000,0.95,0.0001,0.9,339856.000000000,0.304369756,1
input-40.tsp,185,2000,0.95,0.0001,0.9,344064.000000000,0.305539340,1
input-40.tsp,186,2000,0.95,0.0001,0.9,335871.999511719,0.298414596,1
input-40.tsp,187,2000,0.95,0.0001,0.9,344064.000000000,0.281418152,1
input-40.tsp,188,2000,0.95,0.0001,0.9,349240.000000000,0.285589585,1
input-40.tsp,189,2000,0.95,0.0001,0.9,352256.000000000,0.275087457,1
input-40.tsp,190,2000,0.95,0.0001,0.9,356396.000000000,0.283424990,1
